{
    "out_of_place": {
        "0": 0.08823529411764706,
        "1": 0.08403361344537816,
        "2": 0.13025210084033614,
        "3": 0.15546218487394958,
        "4": 0.15546218487394958,
        "5": 0.18487394957983194,
        "6": 0.1722689075630252,
        "7": 0.2857142857142857,
        "8": 0.31092436974789917,
        "9": 0.42016806722689076,
        "10": 0.4957983193277311,
        "11": 0.6554621848739496,
        "12": 0.7689075630252101,
        "13": 0.8067226890756303,
        "14": 0.8151260504201681,
        "15": 0.7184873949579832,
        "16": 0.7521008403361344,
        "17": 0.7352941176470589,
        "18": 0.7142857142857143,
        "19": 0.7184873949579832,
        "20": 0.7563025210084033,
        "21": 0.7857142857142857,
        "22": 0.7689075630252101,
        "23": 0.7773109243697479,
        "24": 0.7857142857142857,
        "25": 0.7899159663865546,
        "26": 0.7941176470588235,
        "27": 0.8235294117647058,
        "28": 0.8487394957983193,
        "29": 0.8235294117647058,
        "30": 0.8109243697478992,
        "31": 0.819327731092437,
        "32": 0.8025210084033614,
        "33": 0.8151260504201681,
        "34": 0.819327731092437,
        "35": 0.8109243697478992,
        "36": 0.7857142857142857,
        "37": 0.773109243697479,
        "38": 0.773109243697479,
        "39": 0.7647058823529411,
        "40": 0.7647058823529411,
        "41": 0.773109243697479,
        "42": 0.773109243697479,
        "43": 0.7689075630252101,
        "44": 0.7605042016806722,
        "45": 0.7689075630252101,
        "46": 0.7563025210084033,
        "47": 0.7689075630252101,
        "48": 0.773109243697479,
        "49": 0.773109243697479,
        "50": 0.7815126050420168,
        "51": 0.773109243697479,
        "52": 0.7605042016806722,
        "53": 0.7857142857142857,
        "54": 0.7773109243697479,
        "55": 0.7773109243697479,
        "56": 0.7647058823529411,
        "57": 0.7521008403361344,
        "58": 0.7521008403361344,
        "59": 0.7478991596638656,
        "60": 0.7773109243697479,
        "61": 0.7941176470588235,
        "62": 0.7983193277310925,
        "63": 0.7815126050420168,
        "64": 0.7815126050420168,
        "65": 0.7815126050420168,
        "66": 0.7815126050420168,
        "67": 0.7815126050420168,
        "68": 0.7815126050420168,
        "69": 0.7647058823529411,
        "70": 0.7563025210084033,
        "71": 0.7394957983193278,
        "72": 0.7352941176470589,
        "73": 0.7310924369747899,
        "74": 0.773109243697479,
        "75": 0.7142857142857143,
        "76": 0.7394957983193278,
        "77": 0.7100840336134454,
        "78": 0.5294117647058824,
        "79": 0.20588235294117646
    },
    "logit_lens_baseline": {
        "0": 0.04,
        "1": 0.07,
        "2": 0.08,
        "3": 0.08,
        "4": 0.07,
        "5": 0.09,
        "6": 0.08,
        "7": 0.1,
        "8": 0.12,
        "9": 0.13,
        "10": 0.13,
        "11": 0.18,
        "12": 0.17,
        "13": 0.14,
        "14": 0.12,
        "15": 0.11,
        "16": 0.15,
        "17": 0.18,
        "18": 0.24,
        "19": 0.33,
        "20": 0.33,
        "21": 0.36,
        "22": 0.35,
        "23": 0.32,
        "24": 0.28,
        "25": 0.38,
        "26": 0.38,
        "27": 0.44,
        "28": 0.42,
        "29": 0.4,
        "30": 0.43,
        "31": 0.41,
        "32": 0.42,
        "33": 0.5,
        "34": 0.47,
        "35": 0.51,
        "36": 0.5,
        "37": 0.53,
        "38": 0.49,
        "39": 0.53,
        "40": 0.54,
        "41": 0.52,
        "42": 0.56,
        "43": 0.56,
        "44": 0.55,
        "45": 0.56,
        "46": 0.55,
        "47": 0.56,
        "48": 0.55,
        "49": 0.6,
        "50": 0.58,
        "51": 0.57,
        "52": 0.54,
        "53": 0.56,
        "54": 0.57,
        "55": 0.58,
        "56": 0.57,
        "57": 0.52,
        "58": 0.54,
        "59": 0.55,
        "60": 0.53,
        "61": 0.52,
        "62": 0.49,
        "63": 0.51,
        "64": 0.48,
        "65": 0.45,
        "66": 0.46,
        "67": 0.46,
        "68": 0.45,
        "69": 0.42,
        "70": 0.43,
        "71": 0.44,
        "72": 0.46,
        "73": 0.45,
        "74": 0.42,
        "75": 0.43,
        "76": 0.47,
        "77": 0.45,
        "78": 0.63,
        "79": 0.67
    }
}